model name,r2,MSE,time
ols,0.9689616546431535,1211086.4763767542,0.7019946575164795
