model name,r2,MSE,time
ols,0.9689822142633547,2175057.358260819,0.36313676834106445
