,model name,r2,MSE
0,ols,0.9688386575932985,2098473.5787461945
