MSE,r2,model name,time
1156840.212369189,0.9714219792290273,Linear Regression,13.188963413238525
1157178.8081490376,0.9714128005314345,Ridge Regression,3.785376787185669
1618441.6923148995,0.9620313805770153,Lasso Regression,0.4743962287902832
1156862.5124872595,0.9714209343651351,HUbber Regression,69.70167207717896
1211086.4763767542,0.9689616546431536,ols,0.7019946575164795
