MSE,r2,model name,time
2122211.2739156624,0.9707487912469775,Linear Regression,14.992600679397583
2123265.3159899744,0.9707461427824459,Ridge Regression,4.063063621520996
2636548.565161376,0.9598836690583339,Lasso Regression,0.48687267303466797
2123061.4436806394,0.9707469032362857,HUbber Regression,63.89366269111633
2175057.358260819,0.9689822142633548,ols,0.7919578552246094
